Designator,,Device,,Footprint,,Mid X,,Mid Y,,Ref X,,Ref Y,,Pad X,,Pad Y,,Layer,,Rotation,,SMD,,Comment
SW3,,Switch_SW_Push,,Button_Switch_THT:SW_PUSH_6mm,,4813mil,,-1560mil,,4685mil,,-1471.4mil,,4940.9mil,,-1471.4mil,,T,,0,,No,,Oct_Down
R5,,Device_R,,Resistor_SMD:R_0603_1608Metric,,2900mil,,-1914mil,,2900mil,,-1914mil,,2932.5mil,,-1914mil,,T,,180,,Yes,,1k
J7,,Connector_Generic_Conn_01x03,,Connector_PinHeader_2.54mm:PinHeader_1x03_P2.54mm_Vertical,,3563.6mil,,-2322mil,,3463.6mil,,-2322mil,,3463.6mil,,-2322mil,,T,,180,,No,,UART_0
J1,,Connector_USB_B_Micro,,Connector_USB:USB_Micro-B_Amphenol_10118194_Horizontal,,3015mil,,-708.1mil,,3015mil,,-706.2mil,,3066.2mil,,-761.3mil,,T,,180,,No,,USB_B_Micro
C17,,Device_C,,Capacitor_SMD:C_0603_1608Metric,,2763mil,,-1975mil,,2763mil,,-1975mil,,2793.5mil,,-1975mil,,T,,180,,Yes,,30p
C32,,Device_C,,Capacitor_SMD:C_0805_2012Metric,,3566mil,,-992mil,,3566mil,,-992mil,,3528.6mil,,-992mil,,T,,0,,Yes,,1uF
SW2,,Switch_SW_Push,,Button_Switch_THT:SW_PUSH_6mm,,4810mil,,-2216mil,,4682mil,,-2127.4mil,,4937.9mil,,-2127.4mil,,T,,0,,No,,RESET
C2,,Device_C,,Capacitor_SMD:C_0805_2012Metric,,3311.1mil,,-913.2mil,,3311.1mil,,-913.2mil,,3348.5mil,,-913.2mil,,T,,180,,Yes,,1uF
C21,,Device_C,,Capacitor_SMD:C_0603_1608Metric,,4564mil,,-1563mil,,4564mil,,-1563mil,,4533.5mil,,-1563mil,,T,,0,,Yes,,1n
D3,,Device_LED,,LED_SMD:LED_0603_1608Metric,,2372mil,,-1804mil,,2372mil,,-1804mil,,2341mil,,-1804mil,,T,,0,,Yes,,LED
C26,,Device_C,,Capacitor_SMD:C_0805_2012Metric,,3311.1mil,,-993.2mil,,3311.1mil,,-993.2mil,,3348.5mil,,-993.2mil,,T,,180,,Yes,,1uF
R7,,Device_R,,Resistor_SMD:R_0603_1608Metric,,4560mil,,-2334.9mil,,4560mil,,-2334.9mil,,4527.5mil,,-2334.9mil,,T,,0,,Yes,,1k
J8,,Connector_Generic_Conn_01x04,,Connector_PinHeader_2.54mm:PinHeader_1x04_P2.54mm_Vertical,,4226mil,,-2042mil,,4226mil,,-2192mil,,4226mil,,-2192mil,,T,,270,,No,,I2C_0
C3,,Device_C,,Capacitor_SMD:C_0402_1005Metric,,5025mil,,-1219mil,,5025mil,,-1219mil,,5043.9mil,,-1219mil,,T,,180,,Yes,,100n
C16,,Device_C,,Capacitor_SMD:C_0603_1608Metric,,2827mil,,-1091mil,,2827mil,,-1091mil,,2827mil,,-1121.5mil,,T,,90,,Yes,,100nF
J3,,Connector_Generic_Conn_01x06,,Connector_PinHeader_2.54mm:PinHeader_1x06_P2.54mm_Horizontal,,2095.2mil,,-2197mil,,2095.2mil,,-2447mil,,2095.2mil,,-2447mil,,T,,-90,,No,,Keysboard Header
C20,,Device_C,,Capacitor_SMD:C_0603_1608Metric,,4561mil,,-2212mil,,4561mil,,-2212mil,,4530.5mil,,-2212mil,,T,,0,,Yes,,1n
C27,,Device_C,,Capacitor_SMD:C_0805_2012Metric,,3312.1mil,,-753.2mil,,3312.1mil,,-753.2mil,,3349.5mil,,-753.2mil,,T,,180,,Yes,,1uF
C19,,Device_C,,Capacitor_SMD:C_0603_1608Metric,,4563mil,,-1852mil,,4563mil,,-1852mil,,4532.5mil,,-1852mil,,T,,0,,Yes,,1n
R3,,Device_R,,Resistor_SMD:R_0603_1608Metric,,2395mil,,-952mil,,2395mil,,-952mil,,2362.5mil,,-952mil,,T,,0,,Yes,,1k
R6,,Device_R,,Resistor_SMD:R_0603_1608Metric,,4563mil,,-1977mil,,4563mil,,-1977mil,,4530.5mil,,-1977mil,,T,,0,,Yes,,1k
R13,,Device_R,,Resistor_SMD:R_0603_1608Metric,,4230mil,,-887mil,,4230mil,,-887mil,,4262.5mil,,-887mil,,T,,180,,Yes,,1k
C23,,Device_C,,Capacitor_SMD:C_0402_1005Metric,,4138mil,,-865.5mil,,4138mil,,-865.5mil,,4138mil,,-884.4mil,,T,,90,,Yes,,100n
C24,,Device_C,,Capacitor_SMD:C_0402_1005Metric,,4146mil,,-1107mil,,4146mil,,-1107mil,,4146mil,,-1088.1mil,,T,,270,,Yes,,100n
R15,,Device_R,,Resistor_SMD:R_0603_1608Metric,,2512mil,,-1588mil,,2512mil,,-1588mil,,2544.5mil,,-1588mil,,T,,180,,Yes,,330
R11,,Device_R,,Resistor_SMD:R_0603_1608Metric,,4564mil,,-1621mil,,4564mil,,-1621mil,,4596.5mil,,-1621mil,,T,,180,,Yes,,1k
J5,,Connector_Generic_Conn_01x03,,Connector_PinHeader_2.54mm:PinHeader_1x03_P2.54mm_Vertical,,3174.6mil,,-2322mil,,3074.6mil,,-2322mil,,3074.6mil,,-2322mil,,T,,180,,No,,Debug
J9,,Connector_Generic_Conn_01x04,,Connector_PinHeader_2.54mm:PinHeader_1x04_P2.54mm_Vertical,,3958mil,,-2042mil,,3958mil,,-2192mil,,3958mil,,-2192mil,,T,,270,,No,,I2C_1
C30,,Device_C,,Capacitor_SMD:C_0805_2012Metric,,3566mil,,-834mil,,3566mil,,-834mil,,3528.6mil,,-834mil,,T,,0,,Yes,,1uF
J2,,Connector_Generic_Conn_01x02,,Connector_PinHeader_2.54mm:PinHeader_1x02_P2.54mm_Vertical,,2433mil,,-698mil,,2483mil,,-698mil,,2483mil,,-698mil,,T,,180,,No,,Boot
R18,,Device_R,,Resistor_SMD:R_0603_1608Metric,,2512mil,,-1771mil,,2512mil,,-1771mil,,2544.5mil,,-1771mil,,T,,180,,Yes,,330
U2,,ece_capstone_MCP1603,,Package_TO_SOT_SMD:TSOT-23-5,,3417.1mil,,-1101.2mil,,3417.1mil,,-1101.2mil,,3372.3mil,,-1063.8mil,,T,,-90,,Yes,,MCP1603
SW4,,Device_RotaryEncoder_Switch,,Rotary_Encoder:RotaryEncoder_Alps_EC11E-Switch_Vertical_H20mm,,4639mil,,-990mil,,4353.6mil,,-891.6mil,,4648.8mil,,-769.5mil,,T,,270,,No,,RotaryEncoder_Switch
R16,,Device_R,,Resistor_SMD:R_0603_1608Metric,,2512mil,,-1649mil,,2512mil,,-1649mil,,2544.5mil,,-1649mil,,T,,180,,Yes,,330
C18,,Device_C,,Capacitor_SMD:C_0603_1608Metric,,2931mil,,-1977mil,,2931mil,,-1977mil,,2900.5mil,,-1977mil,,T,,0,,Yes,,30p
C25,,Device_C,,Capacitor_SMD:C_0805_2012Metric,,3312mil,,-674mil,,3312mil,,-674mil,,3349.4mil,,-674mil,,T,,180,,Yes,,1uF
R10,,Device_R,,Resistor_SMD:R_0603_1608Metric,,4564mil,,-1679mil,,4564mil,,-1679mil,,4531.5mil,,-1679mil,,T,,0,,Yes,,1k
C31,,Device_C,,Capacitor_SMD:C_0805_2012Metric,,3566mil,,-913mil,,3566mil,,-913mil,,3528.6mil,,-913mil,,T,,0,,Yes,,1uF
U4,,ece_capstone_W25Q128JVSIM,,Package_SO:SOIC-8W_5.3x5.3mm_P1.27mm,,2601mil,,-1207mil,,2601mil,,-1207mil,,2457.3mil,,-1132mil,,T,,-90,,Yes,,W25Q128JVSIM
Y1,,Device_Crystal_GND24,,Crystal:Crystal_SMD_3225-4Pin_3.2x2.5mm,,2852mil,,-2077mil,,2852mil,,-2077mil,,2895.3mil,,-2043.5mil,,T,,0,,Yes,,Crystal_GND24
D1,,Device_LED,,LED_SMD:LED_0603_1608Metric,,2372mil,,-1677mil,,2372mil,,-1677mil,,2341mil,,-1677mil,,T,,0,,Yes,,LED
D2,,Device_LED,,LED_SMD:LED_0603_1608Metric,,2372mil,,-1740mil,,2372mil,,-1740mil,,2341mil,,-1740mil,,T,,0,,Yes,,LED
C29,,Device_C,,Capacitor_SMD:C_0805_2012Metric,,3566mil,,-755mil,,3566mil,,-755mil,,3528.6mil,,-755mil,,T,,0,,Yes,,1uF
R1,,Device_R,,Resistor_SMD:R_0402_1005Metric,,3007mil,,-1212mil,,3007mil,,-1212mil,,3007mil,,-1232.1mil,,T,,90,,Yes,,27
R9,,Device_R,,Resistor_SMD:R_0603_1608Metric,,4560mil,,-2273mil,,4560mil,,-2273mil,,4592.5mil,,-2273mil,,T,,180,,Yes,,1k
D4,,Device_LED,,LED_SMD:LED_0603_1608Metric,,2372mil,,-1868mil,,2372mil,,-1868mil,,2341mil,,-1868mil,,T,,0,,Yes,,LED
R8,,Device_R,,Resistor_SMD:R_0603_1608Metric,,4563mil,,-1915mil,,4563mil,,-1915mil,,4595.5mil,,-1915mil,,T,,180,,Yes,,1k
J11,,Connector_Generic_Conn_01x02,,Connector_PinHeader_2.54mm:PinHeader_1x02_P2.54mm_Vertical,,3816mil,,-962.2mil,,3816mil,,-1012.2mil,,3816mil,,-1012.2mil,,T,,270,,No,,3V3
C28,,Device_C,,Capacitor_SMD:C_0805_2012Metric,,3312.1mil,,-833.2mil,,3312.1mil,,-833.2mil,,3349.5mil,,-833.2mil,,T,,180,,Yes,,1uF
SW1,,Switch_SW_Push,,Button_Switch_THT:SW_PUSH_6mm,,4811mil,,-1858mil,,4683mil,,-1769.4mil,,4938.9mil,,-1769.4mil,,T,,0,,No,,Oct_Up
R14,,Device_R,,Resistor_SMD:R_0603_1608Metric,,4234mil,,-1096mil,,4234mil,,-1096mil,,4266.5mil,,-1096mil,,T,,180,,Yes,,1k
J10,,Connector_Generic_Conn_01x02,,Connector_PinHeader_2.54mm:PinHeader_1x02_P2.54mm_Vertical,,3171.1mil,,-1013mil,,3171.1mil,,-963mil,,3171.1mil,,-963mil,,T,,90,,No,,5V
R12,,Device_R,,Resistor_SMD:R_0603_1608Metric,,5018mil,,-1130mil,,5018mil,,-1130mil,,5018mil,,-1162.5mil,,T,,90,,Yes,,1k
L1,,Device_L,,Inductor_SMD:L_1812_4532Metric,,3578mil,,-1149mil,,3578mil,,-1149mil,,3578mil,,-1233.2mil,,T,,90,,Yes,,4.7uH
J4,,Connector_Generic_Conn_01x10,,Connector_PinSocket_2.54mm:PinSocket_1x10_P2.54mm_Vertical,,2084mil,,-1281mil,,2084mil,,-1731mil,,2084mil,,-1731mil,,T,,270,,No,,Display
C4,,Device_C,,Capacitor_SMD:C_0805_2012Metric,,3566mil,,-675mil,,3566mil,,-675mil,,3528.6mil,,-675mil,,T,,0,,Yes,,1uF
R4,,Device_R,,Resistor_SMD:R_0603_1608Metric,,2394mil,,-1015mil,,2394mil,,-1015mil,,2361.5mil,,-1015mil,,T,,0,,Yes,,10k
C22,,Device_C,,Capacitor_SMD:C_0805_2012Metric,,3890mil,,-698mil,,3890mil,,-698mil,,3852.6mil,,-698mil,,T,,0,,Yes,,10u
R17,,Device_R,,Resistor_SMD:R_0603_1608Metric,,2512mil,,-1710mil,,2512mil,,-1710mil,,2544.5mil,,-1710mil,,T,,180,,Yes,,330
R2,,Device_R,,Resistor_SMD:R_0402_1005Metric,,3049mil,,-1212mil,,3049mil,,-1212mil,,3049mil,,-1232.1mil,,T,,90,,Yes,,27
C10,,Device_C,,Capacitor_SMD:C_0402_1005Metric,,3000mil,,-1473mil,,3000mil,,-1473mil,,3000mil,,-1454.1mil,,B,,270,,Yes,,100nF
C6,,Device_C,,Capacitor_SMD:C_0402_1005Metric,,3015mil,,-1662mil,,3015mil,,-1662mil,,3015mil,,-1680.9mil,,B,,90,,Yes,,100nF
C1,,Device_C,,Capacitor_SMD:C_0402_1005Metric,,3081mil,,-1571mil,,3081mil,,-1571mil,,3099.9mil,,-1571mil,,B,,180,,Yes,,100nF
C13,,Device_C,,Capacitor_SMD:C_0402_1005Metric,,2880mil,,-1493mil,,2880mil,,-1493mil,,2880mil,,-1474.1mil,,B,,270,,Yes,,100nF
C8,,Device_C,,Capacitor_SMD:C_0402_1005Metric,,2919mil,,-1473mil,,2919mil,,-1473mil,,2919mil,,-1454.1mil,,B,,270,,Yes,,100nF
C15,,Device_C,,Capacitor_SMD:C_0402_1005Metric,,2887mil,,-1608mil,,2887mil,,-1608mil,,2868.1mil,,-1608mil,,B,,0,,Yes,,100nF
C9,,Device_C,,Capacitor_SMD:C_0402_1005Metric,,3078mil,,-1472mil,,3078mil,,-1472mil,,3078mil,,-1453.1mil,,B,,270,,Yes,,1uF
C5,,Device_C,,Capacitor_SMD:C_0402_1005Metric,,2960mil,,-1473mil,,2960mil,,-1473mil,,2960mil,,-1454.1mil,,B,,270,,Yes,,100nF
C7,,Device_C,,Capacitor_SMD:C_0402_1005Metric,,3039mil,,-1472mil,,3039mil,,-1472mil,,3039mil,,-1453.1mil,,B,,270,,Yes,,1uF
C12,,Device_C,,Capacitor_SMD:C_0402_1005Metric,,3082mil,,-1612mil,,3082mil,,-1612mil,,3100.9mil,,-1612mil,,B,,180,,Yes,,100nF
C14,,Device_C,,Capacitor_SMD:C_0402_1005Metric,,3081mil,,-1531mil,,3081mil,,-1531mil,,3099.9mil,,-1531mil,,B,,180,,Yes,,100nF
C11,,Device_C,,Capacitor_SMD:C_0402_1005Metric,,2974mil,,-1662mil,,2974mil,,-1662mil,,2974mil,,-1680.9mil,,B,,90,,Yes,,100nF
U5,,RP2040,,LQFN-56_L7.0-W7.0-P0.4-EP,,2980mil,,-1570mil,,2980mil,,-1570mil,,2840.2mil,,-1467.6mil,,T,,0,,Yes,,RP2040
